date_time;is_holiday;air_pollution_index;humidity;wind_speed;wind_direction;visibility_in_miles;dew_point;temperature;rain_p_h;snow_p_h;clouds_all;weather_type;weather_description;traffic_volume
10/02/2012 09:00;None;121;89;2;329;1;1;288,28;0;0;40;Clouds;scattered clouds;5545
10/02/2012 10:00;None;178;67;3;330;1;1;289,36;0;0;75;Clouds;broken clouds;4516
10/02/2012 11:00;None;113;66;3;329;2;2;289,58;0;0;90;Clouds;overcast clouds;4767
10/02/2012 12:00;None;20;66;3;329;5;5;290,13;0;0;90;Clouds;overcast clouds;5026
10/02/2012 13:00;None;281;65;3;329;7;7;291,14;0;0;75;Clouds;broken clouds;4918
10/02/2012 14:00;None;23;65;3;328;6;6;291,72;0;0;1;Clear;sky is clear;5181
10/02/2012 15:00;None;184;64;3;328;7;7;293,17;0;0;1;Clear;sky is clear;5584
10/02/2012 16:00;None;167;64;3;327;7;7;293,86;0;0;1;Clear;sky is clear;6015
10/02/2012 17:00;None;119;63;3;327;6;6;294,14;0;0;20;Clouds;few clouds;5791
10/02/2012 18:00;None;161;63;3;326;3;3;293,1;0;0;20;Clouds;few clouds;4770
10/02/2012 19:00;None;243;62;3;326;8;8;290,97;0;0;20;Clouds;few clouds;3539
10/02/2012 20:00;None;150;62;3;326;5;5;289,38;0;0;1;Clear;sky is clear;2784
10/02/2012 21:00;None;128;61;4;325;4;4;288,61;0;0;1;Clear;sky is clear;2361
10/02/2012 22:00;None;18;61;4;325;7;7;287,16;0;0;1;Clear;sky is clear;1529
10/02/2012 23:00;None;186;60;4;324;5;5;285,45;0;0;1;Clear;sky is clear;963
10/03/2012 00:00;None;58;60;4;324;2;2;284,63;0;0;1;Clear;sky is clear;506
10/03/2012 01:00;None;158;59;4;324;6;6;283,47;0;0;1;Clear;sky is clear;321
10/03/2012 02:00;None;166;59;4;323;1;1;281,18;0;0;1;Clear;sky is clear;273
10/03/2012 03:00;None;101;58;4;323;7;7;281,09;0;0;1;Clear;sky is clear;367
10/03/2012 04:00;None;161;58;4;322;4;4;279,53;0;0;1;Clear;sky is clear;814
10/03/2012 05:00;None;179;57;4;322;3;3;278,62;0;0;1;Clear;sky is clear;2718
10/03/2012 06:00;None;93;57;4;322;4;4;278,23;0;0;1;Clear;sky is clear;5673
10/03/2012 08:00;None;57;56;4;321;4;4;278,12;0;0;1;Clear;sky is clear;6511
10/03/2012 09:00;None;226;56;4;321;4;4;282,48;0;0;1;Clear;sky is clear;5471
10/03/2012 12:00;None;86;55;4;320;3;3;291,97;0;0;1;Clear;sky is clear;5097
10/03/2012 13:00;None;52;55;4;320;1;1;293,23;0;0;1;Clear;sky is clear;4887
10/03/2012 14:00;None;273;55;4;320;4;4;294,31;0;0;1;Clear;sky is clear;5337
10/03/2012 15:00;None;72;55;5;350;3;3;295,17;0;0;1;Clear;sky is clear;5692
10/03/2012 16:00;None;254;55;4;320;1;1;295,13;0;0;1;Clear;sky is clear;6137
10/03/2012 18:00;None;129;55;5;330;4;4;293,66;0;0;20;Clouds;few clouds;4623
10/03/2012 19:00;None;271;48;7;330;1;1;290,65;0;0;20;Clouds;few clouds;3591
10/03/2012 20:00;None;259;42;6;320;1;1;288,19;0;0;20;Clouds;few clouds;2898
10/03/2012 21:00;None;61;33;5;340;8;8;287,1;0;0;1;Clear;sky is clear;2637
10/03/2012 22:00;None;286;30;5;340;4;4;286,25;0;0;1;Clear;sky is clear;1777
10/03/2012 23:00;None;151;33;3;340;9;9;285,26;0;0;1;Clear;sky is clear;1015
10/04/2012 00:00;None;260;32;5;350;8;8;284,55;0;0;1;Clear;sky is clear;598
10/04/2012 01:00;None;234;37;5;350;5;5;283,47;0;0;1;Clear;sky is clear;369
10/04/2012 02:00;None;162;36;4;330;5;5;283,17;0;0;1;Clear;sky is clear;312
10/04/2012 03:00;None;65;39;6;340;1;1;282,04;0;0;1;Clear;sky is clear;367
10/04/2012 04:00;None;18;41;5;340;1;1;281,69;0;0;1;Clear;sky is clear;835
10/04/2012 05:00;None;250;44;5;350;4;4;281,32;0;0;1;Clear;sky is clear;2726
10/04/2012 06:00;None;173;44;4;340;4;4;280,74;0;0;1;Clear;sky is clear;5689
10/04/2012 07:00;None;142;47;4;350;2;2;280,57;0;0;1;Clear;sky is clear;6990
10/04/2012 08:00;None;90;50;4;360;5;5;281,86;0;0;1;Clear;sky is clear;5985
10/04/2012 09:00;None;144;75;0;0;6;6;284,98;0;0;1;Clear;sky is clear;5309
10/04/2012 10:00;None;143;57;0;0;8;8;289,18;0;0;1;Clear;sky is clear;4603
10/04/2012 11:00;None;61;70;1;320;1;1;291,55;0;0;1;Clear;sky is clear;4884
10/04/2012 12:00;None;211;93;0;0;4;4;294,97;0;0;1;Clear;sky is clear;5104
10/04/2012 13:00;None;207;84;0;0;6;6;296,38;0;0;1;Clear;sky is clear;5178
10/04/2012 14:00;None;115;75;0;0;7;7;297,32;0;0;1;Clear;sky is clear;5501
10/04/2012 15:00;None;253;57;0;0;2;2;298,17;0;0;1;Clear;sky is clear;5713
10/04/2012 16:00;None;242;53;1;63;5;5;298,06;0;0;20;Clouds;few clouds;6292
10/04/2012 17:00;None;23;49;2;126;5;5;297,67;0;0;20;Clouds;few clouds;6057
10/04/2012 18:00;None;234;45;3;190;5;5;296,36;0;0;40;Clouds;scattered clouds;4907
10/04/2012 19:00;None;220;37;3;170;6;6;293,85;0;0;40;Clouds;scattered clouds;3503
10/04/2012 20:00;None;210;28;3;190;5;5;292,43;0;0;40;Clouds;scattered clouds;3037
10/04/2012 21:00;None;174;30;2;0;7;7;291,77;0;0;75;Clouds;broken clouds;2822
10/04/2012 22:00;None;58;26;4;140;4;4;291,36;0;0;75;Clouds;broken clouds;1992
10/04/2012 23:00;None;142;26;3;170;1;1;291,12;0;0;75;Clouds;broken clouds;1166
10/05/2012 00:00;None;79;26;3;200;6;6;290,63;0;0;75;Clouds;broken clouds;627
10/05/2012 01:00;None;128;30;3;180;9;9;290,46;0;0;40;Clouds;scattered clouds;388
10/05/2012 03:00;None;148;34;2;150;4;4;289,26;0;0;0;Clear;sky is clear;368
10/05/2012 05:00;None;252;41;2;140;7;7;283,21;0;0;75;Clouds;broken clouds;2489
10/05/2012 06:00;None;190;47;3;140;3;3;282,24;0;0;90;Clouds;overcast clouds;5537
10/05/2012 07:00;None;192;47;2;160;9;9;281,69;0;0;90;Clouds;overcast clouds;6628
10/05/2012 08:00;None;59;47;2;160;9;9;280,57;0;0;90;Clouds;overcast clouds;5534
10/05/2012 09:00;None;190;54;2;130;6;6;280,02;0;0;75;Clouds;broken clouds;5403
10/05/2012 10:00;None;134;71;0;0;5;5;280,11;0;0;75;Clouds;broken clouds;4770
10/05/2012 11:00;None;240;58;2;110;8;8;280;0;0;90;Clouds;overcast clouds;5217
10/05/2012 12:00;None;12;76;2;150;9;9;280,53;0;0;90;Clouds;overcast clouds;5870
10/05/2012 13:00;None;182;71;3;110;5;5;281,43;0;0;75;Clouds;broken clouds;5967
10/05/2012 14:00;None;90;71;1;110;5;5;281,78;0;0;90;Clouds;overcast clouds;6108
10/05/2012 15:00;None;284;76;2;110;3;3;281,91;0;0;90;Clouds;overcast clouds;6128
10/05/2012 16:00;None;228;76;2;120;2;2;281,73;0;0;90;Clouds;overcast clouds;6069
10/05/2012 17:00;None;149;71;1;110;9;9;281,42;0;0;90;Clouds;overcast clouds;6169
10/05/2012 18:00;None;72;54;0;0;8;8;280,87;0;0;90;Clouds;overcast clouds;5384
10/05/2012 19:00;None;36;45;2;160;2;2;280,15;0;0;90;Clouds;overcast clouds;4063
10/05/2012 20:00;None;205;35;2;0;6;6;279,78;0;0;90;Clouds;overcast clouds;3364
10/05/2012 21:00;None;161;27;4;160;9;9;279,65;0;0;75;Clouds;broken clouds;2971
10/05/2012 22:00;None;261;25;4;180;4;4;279,22;0;0;40;Clouds;scattered clouds;2450
10/05/2012 23:00;None;257;25;4;160;4;4;279,06;0;0;40;Clouds;scattered clouds;1832
10/06/2012 00:00;None;163;23;5;150;6;6;278,81;0;0;90;Clouds;overcast clouds;1231
10/06/2012 01:00;None;219;23;5;160;4;4;278,55;0;0;90;Clouds;overcast clouds;718
10/06/2012 02:00;None;31;25;4;150;7;7;278,59;0;0;90;Clouds;overcast clouds;545
10/06/2012 04:00;None;79;32;2;140;9;9;276,99;0;0;75;Clouds;broken clouds;411
10/06/2012 05:00;None;28;30;3;130;7;7;276,35;0;0;20;Clouds;few clouds;688
10/06/2012 06:00;None;110;37;3;130;1;1;275,4;0;0;1;Clear;sky is clear;1352
10/06/2012 07:00;None;171;42;3;140;9;9;275,17;0;0;1;Clear;sky is clear;2072
10/06/2012 08:00;None;148;45;5;140;3;3;274,99;0;0;1;Clear;sky is clear;3342
10/06/2012 09:00;None;97;45;5;140;2;2;275,09;0;0;40;Clouds;scattered clouds;4258
10/06/2012 10:00;None;46;48;5;140;2;2;276,88;0;0;20;Clouds;few clouds;4861
10/06/2012 11:00;None;180;24;2;194;7;7;278,04;0;0;20;Clouds;few clouds;5191
10/06/2012 12:00;None;269;24;0;248;6;6;279,08;0;0;40;Clouds;scattered clouds;5669
10/06/2012 13:00;None;280;31;4;239;6;6;280,12;0;0;75;Clouds;broken clouds;5074
10/06/2012 14:00;None;264;62;9;230;7;7;280,25;0;0;75;Clouds;broken clouds;5025
10/06/2012 15:00;None;149;70;5;240;5;5;280;0;0;75;Clouds;broken clouds;5153
10/06/2012 16:00;None;77;70;9;240;5;5;279,06;0;0;90;Clouds;overcast clouds;5024
10/06/2012 17:00;None;77;70;8;250;1;1;278,91;0;0;90;Clouds;overcast clouds;4779
10/06/2012 18:00;None;178;70;7;250;1;1;278,39;0;0;90;Clouds;overcast clouds;4362
10/06/2012 19:00;None;114;61;9;250;8;8;278,16;0;0;90;Clouds;overcast clouds;3860
10/06/2012 20:00;None;67;65;9;260;2;2;278,16;0;0;90;Clouds;overcast clouds;3160
10/06/2012 21:00;None;196;70;8;250;1;1;277,93;0;0;90;Clouds;overcast clouds;2992
10/06/2012 22:00;None;65;70;10;270;5;5;276,9;0;0;90;Clouds;overcast clouds;3202
10/06/2012 23:00;None;13;70;12;260;5;5;276,34;0;0;75;Clouds;broken clouds;1941
10/07/2012 00:00;None;294;70;10;260;2;2;276,11;0;0;75;Clouds;broken clouds;1233
10/07/2012 03:00;None;26;70;12;270;6;6;275,73;0;0;90;Clouds;overcast clouds;323
10/07/2012 04:00;None;246;70;8;260;7;7;275,65;0;0;90;Clouds;overcast clouds;312
10/07/2012 05:00;None;259;70;7;270;4;4;275,51;0;0;75;Clouds;broken clouds;627
10/07/2012 06:00;None;33;52;8;280;9;9;275,05;0;0;90;Clouds;overcast clouds;1508
10/07/2012 07:00;None;125;52;8;290;3;3;274,77;0;0;90;Clouds;overcast clouds;1539
10/07/2012 08:00;None;247;52;5;280;9;9;274,77;0;0;75;Clouds;broken clouds;2232
10/07/2012 09:00;None;178;56;7;290;7;7;275,55;0;0;75;Clouds;broken clouds;4568
10/07/2012 10:00;None;297;56;8;280;7;7;276,24;0;0;75;Clouds;broken clouds;4624
10/07/2012 11:00;None;250;56;7;290;1;1;277,01;0;0;90;Clouds;overcast clouds;4529
10/07/2012 12:00;None;299;56;9;270;5;5;277,43;0;0;90;Clouds;overcast clouds;5139
10/07/2012 13:00;None;260;56;8;270;5;5;278,45;0;0;90;Clouds;overcast clouds;6640
10/07/2012 14:00;None;174;28;8;275;8;8;279,27;0;0;90;Clouds;overcast clouds;6589
10/07/2012 15:00;None;150;56;9;280;1;1;279,27;0;0;90;Clouds;overcast clouds;4429
10/07/2012 16:00;None;129;60;7;280;7;7;279,44;0;0;90;Clouds;overcast clouds;4329
10/07/2012 17:00;None;170;64;6;270;5;5;279,32;0;0;90;Clouds;overcast clouds;3833
10/07/2012 18:00;None;114;69;5;260;4;4;279,27;0;0;90;Clouds;overcast clouds;4015
10/07/2012 19:00;None;101;80;4;260;1;1;278,11;0;0;90;Clouds;overcast clouds;3382
10/07/2012 20:00;None;213;80;5;250;2;2;276,79;0;0;75;Clouds;broken clouds;2815
10/07/2012 21:00;None;49;60;7;280;4;4;275,73;0;0;90;Clouds;overcast clouds;2110
10/07/2012 22:00;None;63;56;8;260;5;5;274,88;0;0;75;Clouds;broken clouds;1555
10/07/2012 23:00;None;98;45;8;290;9;9;273,92;0;0;20;Clouds;few clouds;959
10/08/2012 00:00;Columbus Day;144;45;9;300;5;5;273,08;0;0;20;Clouds;few clouds;455
10/08/2012 01:00;None;11;42;7;290;6;6;272,62;0;0;20;Clouds;few clouds;336
10/08/2012 02:00;None;106;42;8;280;7;7;271,78;0;0;1;Clear;sky is clear;265
10/08/2012 03:00;None;65;45;10;310;8;8;271,05;0;0;1;Clear;sky is clear;314
10/08/2012 04:00;None;133;48;7;300;6;6;270,63;0;0;1;Clear;sky is clear;779
10/08/2012 05:00;None;194;48;8;290;2;2;270,33;0;0;1;Clear;sky is clear;2571
10/08/2012 06:00;None;134;52;6;290;6;6;269,61;0;0;20;Clouds;few clouds;5563
10/08/2012 07:00;None;273;52;8;280;9;9;270,01;0;0;20;Clouds;few clouds;6676
10/08/2012 08:00;None;200;56;7;300;4;4;271,23;0;0;20;Clouds;few clouds;5966
10/08/2012 09:00;None;224;55;8;310;6;6;273,71;0;0;20;Clouds;few clouds;4832
10/08/2012 10:00;None;230;55;6;300;4;4;276,77;0;0;20;Clouds;few clouds;4395
10/08/2012 11:00;None;208;59;5;300;7;7;279,47;0;0;20;Clouds;few clouds;4411
10/08/2012 12:00;None;183;62;5;300;1;1;279,84;0;0;1;Clear;sky is clear;4648
10/08/2012 13:00;None;226;65;5;300;1;1;282,34;0;0;40;Clouds;scattered clouds;4602
10/08/2012 14:00;None;215;69;5;300;9;9;282,94;0;0;40;Clouds;scattered clouds;5125
10/08/2012 15:00;None;76;69;7;310;1;1;283,48;0;0;1;Clear;sky is clear;5502
10/08/2012 16:00;None;183;69;5;320;5;5;284,33;0;0;1;Clear;sky is clear;5979
10/08/2012 17:00;None;87;69;6;330;9;9;284,48;0;0;40;Clouds;scattered clouds;5663
10/08/2012 18:00;None;51;74;4;320;1;1;284,23;0;0;40;Clouds;scattered clouds;4259
10/08/2012 19:00;None;73;74;4;330;8;8;281,99;0;0;20;Clouds;few clouds;3069
10/08/2012 20:00;None;208;69;5;330;6;6;279,81;0;0;1;Clear;sky is clear;2378
10/08/2012 21:00;None;99;64;4;340;5;5;279,35;0;0;1;Clear;sky is clear;2030
10/08/2012 22:00;None;16;55;6;340;5;5;278,9;0;0;1;Clear;sky is clear;1400
10/08/2012 23:00;None;272;59;5;330;8;8;278,46;0;0;1;Clear;sky is clear;917
10/09/2012 00:00;None;131;41;4;340;8;8;277,78;0;0;1;Clear;sky is clear;515
10/09/2012 01:00;None;173;41;4;350;1;1;277,27;0;0;1;Clear;sky is clear;302
10/09/2012 02:00;None;125;41;4;310;9;9;277,47;0;0;1;Clear;sky is clear;251
10/09/2012 04:00;None;22;45;2;320;8;8;276,97;0;0;20;Clouds;few clouds;798
10/09/2012 05:00;None;29;41;5;350;7;7;276,52;0;0;40;Clouds;scattered clouds;2678
10/09/2012 06:00;None;210;38;3;350;8;8;276,6;0;0;40;Clouds;scattered clouds;5733
10/09/2012 07:00;None;263;38;2;360;4;4;277,31;0;0;75;Clouds;broken clouds;6449
10/09/2012 08:00;None;95;41;1;290;6;6;278,38;0;0;90;Clouds;overcast clouds;5765
10/09/2012 09:00;None;189;48;1;270;3;3;279,35;0;0;90;Clouds;overcast clouds;5599
10/09/2012 10:00;None;246;51;1;250;2;2;281,37;0;0;90;Clouds;overcast clouds;4534
10/09/2012 11:00;None;70;59;0;0;4;4;283,11;0;0;90;Clouds;overcast clouds;4691
10/09/2012 12:00;None;224;64;1;250;8;8;284,08;0;0;75;Clouds;broken clouds;5067
10/09/2012 13:00;None;224;69;0;0;4;4;285,14;0;0;75;Clouds;broken clouds;5030
10/09/2012 14:00;None;99;69;0;0;1;1;286,35;0;0;90;Clouds;overcast clouds;5300
10/09/2012 15:00;None;105;69;1;220;6;6;287,23;0;0;100;Rain;light rain;5777
10/09/2012 16:00;None;70;80;1;200;1;1;288,53;0;0;90;Clouds;overcast clouds;6349
10/09/2012 17:00;None;65;79;1;200;8;8;290,37;0;0;90;Clouds;overcast clouds;6127
10/09/2012 18:00;None;229;79;1;200;6;6;290,13;0;0;90;Clouds;overcast clouds;4460
10/09/2012 19:00;None;103;74;2;230;6;6;288,86;0;0;75;Clouds;broken clouds;3418
10/09/2012 20:00;None;49;74;0;0;4;4;287,36;0;0;90;Clouds;overcast clouds;2775
10/09/2012 21:00;None;257;74;3;220;1;1;285,11;0;0;90;Clouds;overcast clouds;2306
10/09/2012 22:00;None;226;51;5;230;2;2;283,46;0;0;90;Clouds;overcast clouds;1846
10/09/2012 23:00;None;163;44;4;230;4;4;282,45;0;0;90;Clouds;overcast clouds;947
10/10/2012 00:00;None;71;42;3;220;7;7;281,88;0;0;90;Clouds;overcast clouds;494
10/10/2012 01:00;None;249;31;4;230;3;3;281,78;0;0;90;Clouds;overcast clouds;332
10/10/2012 02:00;None;199;27;5;220;1;1;281,09;0;0;75;Clouds;broken clouds;261
10/10/2012 03:00;None;155;31;4;210;5;5;281,17;0;0;90;Clouds;overcast clouds;361
10/10/2012 06:00;None;19;25;4;210;3;3;281,25;0;0;92;Clear;sky is clear;5875
10/10/2012 07:00;None;139;21;6;220;2;2;281,25;0;0;99;Rain;light rain;6793
10/10/2012 07:00;None;69;23;3;220;3;3;281,25;0;0;99;Drizzle;light intensity drizzle;6793
10/10/2012 08:00;None;184;27;2;170;2;2;280,1;0;0;99;Rain;light rain;6283
10/10/2012 08:00;None;82;33;3;150;7;7;280,1;0;0;99;Drizzle;light intensity drizzle;6283
10/10/2012 09:00;None;248;33;3;160;3;3;279,61;0;0;99;Rain;light rain;5680
10/10/2012 09:00;None;188;36;3;170;6;6;279,61;0;0;99;Drizzle;light intensity drizzle;5680
10/10/2012 10:00;None;76;39;3;170;2;2;279,67;0;0;99;Clear;sky is clear;4632
10/10/2012 11:00;None;90;45;2;130;2;2;280,19;0;0;1;Clear;sky is clear;4887
10/10/2012 12:00;None;86;51;2;140;3;3;282,09;0;0;75;Clouds;broken clouds;5030
10/10/2012 13:00;None;257;42;2;200;7;7;282,26;0;0;75;Clouds;broken clouds;5067
10/10/2012 14:00;None;204;45;2;195;9;9;282,05;0;0;90;Clouds;overcast clouds;5227
10/10/2012 15:00;None;77;48;3;190;2;2;281,59;0;0;90;Clouds;overcast clouds;5610
10/10/2012 16:00;None;65;52;2;190;2;2;281,23;0;0;81;Clear;sky is clear;6286
10/10/2012 18:00;None;108;52;2;180;8;8;282,6;0;0;81;Clear;sky is clear;4775
10/10/2012 19:00;None;279;56;2;190;8;8;282,6;0;0;81;Clear;sky is clear;3340
10/10/2012 20:00;None;85;52;3;170;7;7;282,6;0;0;81;Clear;sky is clear;3013
10/10/2012 21:00;None;75;52;2;170;6;6;282,6;0;0;81;Clear;sky is clear;2603
10/10/2012 22:00;None;42;49;3;150;9;9;282,6;0;0;81;Clear;sky is clear;1910
10/10/2012 23:00;None;278;43;4;180;5;5;282,6;0;0;81;Clear;sky is clear;1037
10/11/2012 01:00;None;39;43;4;180;4;4;273,9;0;0;1;Clear;sky is clear;347
10/11/2012 03:00;None;35;43;5;170;4;4;274,4;0;0;75;Clouds;broken clouds;350
10/11/2012 04:00;None;219;43;4;180;8;8;274,05;0;0;75;Clouds;broken clouds;850
10/11/2012 05:00;None;278;41;5;200;5;5;273,71;0;0;40;Clouds;scattered clouds;2791
10/11/2012 06:00;None;132;41;4;200;6;6;272,66;0;0;1;Clear;sky is clear;5809
10/11/2012 07:00;None;42;27;5;210;1;1;272,65;0;0;1;Clear;sky is clear;6798
10/11/2012 08:00;None;152;31;4;260;8;8;272,52;0;0;1;Clear;sky is clear;6304
10/11/2012 09:00;None;154;36;6;280;8;8;275,19;0;0;20;Clouds;few clouds;5291
10/11/2012 10:00;None;271;44;6;280;9;9;275,34;0;0;1;Clear;sky is clear;4638
10/11/2012 14:00;None;14;47;7;300;8;8;284,1;0;0;50;Clear;sky is clear;5557
10/11/2012 15:00;None;170;54;7;300;1;1;284,1;0;0;50;Clear;sky is clear;5818
10/11/2012 16:00;None;153;53;2;290;2;2;283,78;0;0;75;Clouds;broken clouds;6272
10/11/2012 17:00;None;161;57;1;230;9;9;283,52;0;0;75;Clouds;broken clouds;5944
10/11/2012 18:00;None;14;57;2;220;3;3;283,32;0;0;90;Clouds;overcast clouds;4949
10/11/2012 19:00;None;204;61;1;220;7;7;282,06;0;0;90;Clouds;overcast clouds;3511
10/11/2012 20:00;None;134;61;3;220;6;6;281,95;0;0;90;Clouds;overcast clouds;3039
10/11/2012 21:00;None;85;63;2;253;5;5;281,81;0;0;90;Clouds;overcast clouds;2679
10/11/2012 22:00;None;178;65;1;286;3;3;282,16;0;0;90;Clouds;overcast clouds;2094
10/11/2012 23:00;None;226;68;0;320;4;4;282,53;0;0;90;Clouds;overcast clouds;1284
10/12/2012 00:00;None;192;66;3;260;6;6;283,91;0;0;90;Clouds;overcast clouds;630
10/12/2012 01:00;None;122;65;7;310;6;6;284,64;0;0;90;Clouds;overcast clouds;410
10/12/2012 02:00;None;285;87;4;280;3;3;284,61;0;0;90;Clouds;overcast clouds;331
10/12/2012 03:00;None;187;75;3;217;6;6;283,18;0;0;72;Drizzle;light intensity drizzle;372
10/12/2012 04:00;None;134;75;5;260;8;8;282,26;0;0;72;Rain;light rain;739
10/12/2012 05:00;None;208;57;7;270;7;7;280,77;0;0;72;Drizzle;light intensity drizzle;2561
10/12/2012 06:00;None;147;39;9;270;1;1;278,53;0;0;75;Clouds;broken clouds;5586
10/12/2012 07:00;None;227;42;6;290;1;1;277,64;0;0;75;Clouds;broken clouds;6992
10/12/2012 08:00;None;177;42;6;270;8;8;277,9;0;0;90;Clouds;overcast clouds;5860
10/12/2012 09:00;None;143;49;4;313;9;9;278,18;0;0;90;Clouds;overcast clouds;5230
10/12/2012 10:00;None;170;47;5;305;8;8;279,29;0;0;75;Clouds;broken clouds;4864
10/12/2012 11:00;None;281;45;7;297;4;4;280,45;0;0;75;Clouds;broken clouds;5146
10/12/2012 12:00;None;289;45;7;297;4;4;280,95;0;0;40;Clouds;scattered clouds;5526
10/12/2012 13:00;None;257;45;7;297;3;3;281,74;0;0;40;Clouds;scattered clouds;5383
10/12/2012 14:00;None;231;45;7;297;7;7;281,84;0;0;75;Clouds;broken clouds;5758
10/12/2012 15:00;None;181;45;7;297;1;1;282,45;0;0;75;Clouds;broken clouds;5889
10/12/2012 16:00;None;268;45;7;297;1;1;282,2;0;0;75;Clouds;broken clouds;6057
10/12/2012 17:00;None;265;57;5;288;2;2;281,54;0;0;40;Clouds;scattered clouds;6028
10/12/2012 18:00;None;177;69;3;280;4;4;280,21;0;0;20;Clouds;few clouds;5257
10/12/2012 23:00;None;129;66;4;285;1;1;282,2;0;0;56;Clear;sky is clear;1897
10/13/2012 0:00;None;28;64;4;290;5;5;272,58;0;0;1;Clear;sky is clear;1335
10/13/2012 1:00;None;256;64;4;300;2;2;272,06;0;0;1;Clear;sky is clear;769
10/13/2012 2:00;None;214;64;3;280;5;5;270,99;0;0;1;Clear;sky is clear;570
10/13/2012 3:00;None;76;74;3;260;5;5;270,29;0;0;20;Clouds;few clouds;413
10/13/2012 4:00;None;194;74;2;260;6;6;269,48;0;0;1;Clear;sky is clear;399
10/13/2012 5:00;None;117;86;2;260;9;9;269,27;0;0;1;Clear;sky is clear;740
10/13/2012 6:00;None;174;64;2;270;3;3;268,91;0;0;1;Clear;sky is clear;1420
10/13/2012 7:00;None;130;80;1;240;3;3;268,98;0;0;75;Clouds;broken clouds;2220
10/13/2012 8:00;None;93;68;2;244;3;3;269,23;0;0;40;Clouds;scattered clouds;3479
10/13/2012 9:00;None;270;57;3;248;2;2;272,61;0;0;40;Clouds;scattered clouds;4546
10/13/2012 10:00;None;116;45;3;252;8;8;276,78;0;0;20;Clouds;few clouds;4579
10/13/2012 11:00;None;132;34;4;257;6;6;279,22;0;0;1;Clear;sky is clear;4438
10/13/2012 12:00;None;82;34;4;257;6;6;280,35;0;0;1;Clear;sky is clear;4623
10/13/2012 13:00;None;163;29;6;260;5;5;281,81;0;0;1;Clear;sky is clear;4440
10/13/2012 14:00;None;298;29;4;250;8;8;283,05;0;0;1;Clear;sky is clear;4495
10/13/2012 15:00;None;106;34;2;220;9;9;283,96;0;0;1;Clear;sky is clear;4483
10/13/2012 16:00;None;287;39;2;140;2;2;284,53;0;0;1;Clear;sky is clear;4591
10/13/2012 17:00;None;263;39;3;130;5;5;284,44;0;0;1;Clear;sky is clear;4477
10/13/2012 18:00;None;91;42;2;120;3;3;283,64;0;0;1;Clear;sky is clear;4221
10/13/2012 19:00;None;26;37;3;150;3;3;281,85;0;0;20;Clouds;few clouds;3672
10/13/2012 20:00;None;189;37;4;160;6;6;281,38;0;0;1;Clear;sky is clear;3015
10/13/2012 21:00;None;225;32;5;190;1;1;281,84;0;0;75;Clouds;broken clouds;2769
10/13/2012 22:00;None;31;34;7;210;8;8;282,23;0;0;90;Clouds;overcast clouds;2875
10/13/2012 23:00;None;245;37;6;220;6;6;282,18;0;0;90;Clouds;overcast clouds;1931
10/14/2012 0:00;None;220;37;6;240;4;4;282,49;0;0;90;Clouds;overcast clouds;1309
10/14/2012 1:00;None;295;40;3;270;1;1;282,54;0;0;90;Clouds;overcast clouds;870
10/14/2012 2:00;None;216;43;5;320;2;2;282,58;0;0;90;Clouds;overcast clouds;654
10/14/2012 3:00;None;264;52;6;350;8;8;282,23;0;0;90;Clouds;overcast clouds;364
10/14/2012 4:00;None;20;80;3;360;9;9;282,08;0;0;90;Clouds;overcast clouds;262
10/14/2012 5:00;None;43;75;5;350;4;4;282,23;0;0;90;Clouds;overcast clouds;505
10/14/2012 6:00;None;130;75;7;350;4;4;282,24;0;0;90;Clouds;overcast clouds;861
10/14/2012 7:00;None;245;60;5;360;4;4;282,24;0;0;90;Clouds;overcast clouds;1132
10/14/2012 8:00;None;192;52;6;330;1;1;282,24;0;0;57;Mist;mist;1797
10/14/2012 9:00;None;87;42;9;330;3;3;282,43;0;0;57;Drizzle;light intensity drizzle;2685
10/14/2012 9:00;None;132;37;5;350;8;8;282,43;0;0;57;Mist;mist;2685
10/14/2012 9:00;None;285;26;7;330;7;7;282,43;0;0;57;Haze;haze;2685
10/14/2012 10:00;None;217;25;6;320;6;6;282,33;0;0;57;Drizzle;light intensity drizzle;3370
10/14/2012 10:00;None;195;26;5;320;6;6;282,33;0;0;57;Mist;mist;3370
10/14/2012 11:00;None;26;21;5;350;6;6;282,82;0;0;57;Drizzle;light intensity drizzle;3662
10/14/2012 11:00;None;299;24;7;330;2;2;282,82;0;0;57;Mist;mist;3662
10/14/2012 12:00;None;263;25;6;328;7;7;283,33;0;0;57;Mist;mist;4076
10/14/2012 12:00;None;108;26;6;327;8;8;283,33;0;0;57;Rain;light rain;4076
10/14/2012 12:00;None;156;28;6;326;1;1;283,33;0;0;57;Drizzle;light intensity drizzle;4076
10/14/2012 13:00;None;123;29;6;325;1;1;283,75;0;0;93;Rain;light rain;4128
10/14/2012 13:00;None;106;31;5;324;4;4;283,75;0;0;93;Mist;mist;4128
10/14/2012 13:00;None;179;74;0;0;2;2;283,75;0;0;93;Drizzle;light intensity drizzle;4128
10/14/2012 14:00;None;208;59;1;340;2;2;284,09;0;0;93;Mist;mist;4358
10/14/2012 14:00;None;186;59;1;310;3;3;284,09;0;0;93;Rain;light rain;4358
10/14/2012 14:00;None;133;68;0;0;4;4;284,09;0;0;93;Drizzle;light intensity drizzle;4358
10/14/2012 15:00;None;166;74;0;0;8;8;284,55;0;0;93;Mist;mist;4342
10/14/2012 15:00;None;104;92;0;0;6;6;284,55;0;0;93;Rain;light rain;4342
10/14/2012 16:00;None;295;79;0;0;9;9;284,68;0;0;93;Mist;mist;4234
10/14/2012 17:00;None;108;74;0;0;5;5;284,64;0;0;93;Rain;light rain;4271
10/14/2012 17:00;None;244;80;0;0;5;5;284,64;0;0;93;Mist;mist;4271
10/14/2012 18:00;None;199;74;0;0;3;3;284,4;0;0;93;Mist;mist;4080
10/14/2012 19:00;None;282;55;2;150;2;2;284,17;0;0;93;Mist;mist;3453
10/14/2012 20:00;None;27;38;4;130;8;8;284,03;0;0;93;Mist;mist;2718
10/14/2012 21:00;None;183;36;3;0;5;5;283,58;0;0;93;Mist;mist;2439
10/14/2012 22:00;None;129;31;4;160;4;4;283,04;0;0;93;Mist;mist;1819
10/14/2012 23:00;None;265;24;5;140;9;9;281,95;0;0;93;Mist;mist;1002
10/14/2012 23:00;None;105;19;5;170;2;2;281,95;0;0;93;Fog;fog;1002
10/15/2012 0:00;None;40;18;4;170;7;7;281,61;0;0;93;Mist;mist;542
10/15/2012 0:00;None;106;20;6;170;6;6;281,61;0;0;93;Fog;fog;542
10/15/2012 1:00;None;202;23;6;160;4;4;281,57;0;0;85;Fog;fog;303
10/15/2012 2:00;None;242;26;4;150;5;5;281,42;0;0;85;Fog;fog;239
10/15/2012 3:00;None;55;28;2;0;2;2;281,29;0;0;85;Mist;mist;335
10/15/2012 3:00;None;245;28;5;140;6;6;281,29;0;0;85;Fog;fog;335
10/15/2012 4:00;None;58;28;4;140;4;4;281,02;0;0;85;Mist;mist;810
10/15/2012 4:00;None;171;31;5;140;2;2;281,02;0;0;85;Fog;fog;810
10/15/2012 5:00;None;294;31;5;160;4;4;280,82;0;0;85;Mist;mist;2606
10/15/2012 5:00;None;143;39;5;150;1;1;280,82;0;0;85;Fog;fog;2606
10/15/2012 6:00;None;266;49;5;170;6;6;280,39;0;0;85;Mist;mist;5714
10/15/2012 7:00;None;192;66;5;170;6;6;280,19;0;0;100;Mist;mist;6798
10/15/2012 8:00;None;36;75;4;160;9;9;279,82;0;0;100;Mist;mist;6114
10/15/2012 9:00;None;149;70;4;160;1;1;279,75;0;0;100;Mist;mist;5094
10/15/2012 10:00;None;269;81;4;170;7;7;280,07;0;0;100;Mist;mist;4473
10/15/2012 11:00;None;89;81;4;170;8;8;280,32;0;0;90;Clouds;overcast clouds;4529
10/15/2012 12:00;None;189;87;2;160;2;2;281,72;0;0;100;Clear;sky is clear;4823
10/15/2012 13:00;None;276;87;3;140;5;5;284,01;0;0;40;Clouds;scattered clouds;4872
10/15/2012 14:00;None;61;100;3;110;5;5;285,88;0;0;1;Clear;sky is clear;5238
10/15/2012 15:00;None;93;100;1;120;1;1;286,87;0;0;1;Clear;sky is clear;5584
10/15/2012 16:00;None;165;87;0;0;5;5;287,6;0;0;20;Clouds;few clouds;6246
10/15/2012 17:00;None;113;87;2;60;8;8;287,27;0;0;20;Clouds;few clouds;5957
10/15/2012 18:00;None;106;100;2;70;9;9;286,18;0;0;20;Clouds;few clouds;4535
10/15/2012 19:00;None;134;93;2;90;4;4;285,2;0;0;75;Clouds;broken clouds;3234
10/15/2012 20:00;None;192;100;2;30;8;8;284,68;0;0;75;Clouds;broken clouds;2677
10/15/2012 21:00;None;63;93;2;30;5;5;284,49;0;0;90;Clouds;overcast clouds;2077
10/15/2012 22:00;None;173;100;3;10;2;2;283,54;0;0;20;Clouds;few clouds;1380
10/15/2012 23:00;None;158;100;2;30;5;5;282,33;0;0;75;Clouds;broken clouds;927
10/16/2012 0:00;None;299;100;2;20;2;2;281,21;0;0;20;Clouds;few clouds;500
10/16/2012 1:00;None;96;93;3;10;7;7;279,87;0;0;1;Clear;sky is clear;324
10/16/2012 2:00;None;171;93;3;10;4;4;278,93;0;0;1;Clear;sky is clear;257
10/16/2012 3:00;None;177;93;2;40;9;9;277,91;0;0;1;Clear;sky is clear;354
10/16/2012 4:00;None;144;93;3;10;4;4;277,21;0;0;1;Clear;sky is clear;769
10/16/2012 5:00;None;99;93;3;20;9;9;276,61;0;0;1;Clear;sky is clear;2769
10/16/2012 6:00;None;90;93;3;20;8;8;276,11;0;0;1;Clear;sky is clear;5789
10/16/2012 7:00;None;240;93;2;20;2;2;274,81;0;0;20;Clouds;few clouds;7055
10/16/2012 8:00;None;98;93;4;360;3;3;274,99;0;0;20;Clouds;few clouds;6408
10/16/2012 9:00;None;11;87;2;360;9;9;277,91;0;0;20;Clouds;few clouds;5254
10/16/2012 10:00;None;231;93;4;340;1;1;280,71;0;0;20;Clouds;few clouds;4547
10/16/2012 11:00;None;26;93;5;360;7;7;283,85;0;0;20;Clouds;few clouds;4784
10/16/2012 12:00;None;205;87;6;350;8;8;286,01;0;0;40;Clouds;scattered clouds;5015
10/16/2012 13:00;None;129;93;4;360;9;9;286,31;0;0;1;Clear;sky is clear;5057
10/16/2012 14:00;None;251;93;6;340;4;4;288,15;0;0;75;Clouds;broken clouds;5430
10/16/2012 15:00;None;183;100;4;340;4;4;289,15;0;0;75;Clouds;broken clouds;5813
10/16/2012 16:00;None;41;100;0;22;9;9;288,99;0;0;75;Clouds;broken clouds;6496
10/16/2012 17:00;None;284;66;5;330;4;4;288,86;0;0;75;Clouds;broken clouds;6429
10/16/2012 18:00;None;204;50;5;330;1;1;288,16;0;0;90;Clouds;overcast clouds;5142
10/16/2012 19:00;None;13;47;6;320;1;1;287,28;0;0;68;Rain;light rain;3311
10/16/2012 20:00;None;290;33;5;340;7;7;287,04;0;0;90;Clouds;overcast clouds;2777
10/16/2012 21:00;None;30;33;6;320;7;7;286,9;0;0;90;Clouds;overcast clouds;2331
10/16/2012 22:00;None;247;33;7;310;4;4;287,09;0;0;90;Clouds;overcast clouds;1767
10/16/2012 23:00;None;102;46;3;320;7;7;287,09;0;0;90;Clouds;overcast clouds;1093
10/17/2012 0:00;None;98;46;2;300;4;4;286,89;0;0;75;Clouds;broken clouds;554
10/17/2012 1:00;None;122;50;2;290;9;9;286,93;0;0;75;Clouds;broken clouds;333
10/17/2012 2:00;None;230;50;3;330;6;6;286,93;0;0;90;Clouds;overcast clouds;267
10/17/2012 3:00;None;107;66;2;300;2;2;287,07;0;0;90;Clouds;overcast clouds;358
10/17/2012 4:00;None;151;61;3;300;9;9;286,56;0;0;75;Clouds;broken clouds;777
10/17/2012 5:00;None;159;65;3;320;7;7;285,91;0;0;90;Clouds;overcast clouds;2732
10/17/2012 6:00;None;57;65;3;320;2;2;285,29;0;0;90;Clouds;overcast clouds;5637
10/17/2012 7:00;None;60;65;3;310;8;8;284,92;0;0;75;Clouds;broken clouds;5564
10/17/2012 8:00;None;217;75;3;290;5;5;285,35;0;0;75;Clouds;broken clouds;6274
10/17/2012 9:00;None;20;75;2;290;3;3;285,72;0;0;100;Rain;proximity shower rain;5403
10/17/2012 9:00;None;279;75;0;0;1;1;285,72;0;0;100;Rain;light rain;5403
10/17/2012 10:00;None;272;75;0;0;1;1;287,09;0;0;75;Clouds;broken clouds;4680
10/17/2012 11:00;None;206;80;1;210;9;9;288,31;0;0;75;Clouds;broken clouds;4642
10/17/2012 12:00;None;195;75;1;280;1;1;288,61;0;0;1;Clear;sky is clear;4979
10/17/2012 13:00;None;230;65;0;0;7;7;290,32;0;0;1;Clear;sky is clear;4851
10/17/2012 14:00;None;90;57;0;0;9;9;291,36;0;0;1;Clear;sky is clear;4291
10/17/2012 15:00;None;231;43;1;260;1;1;292,01;0;0;1;Clear;sky is clear;4714
10/17/2012 16:00;None;179;50;0;0;3;3;292,61;0;0;1;Clear;sky is clear;6723
10/17/2012 17:00;None;95;38;3;260;1;1;292,65;0;0;1;Clear;sky is clear;6180
10/17/2012 18:00;None;53;38;1;0;7;7;290,52;0;0;40;Clouds;scattered clouds;4843
10/17/2012 19:00;None;270;36;2;150;2;2;288,35;0;0;40;Clouds;scattered clouds;3435
10/17/2012 20:00;None;113;38;2;160;7;7;286,72;0;0;40;Clouds;scattered clouds;2921
10/17/2012 21:00;None;293;38;2;140;7;7;285,49;0;0;40;Clouds;scattered clouds;2763
10/17/2012 22:00;None;237;44;3;140;3;3;284,22;0;0;20;Clouds;few clouds;1930
10/17/2012 23:00;None;197;44;3;130;6;6;283,8;0;0;20;Clouds;few clouds;1160
10/18/2012 0:00;None;130;44;4;150;4;4;283,72;0;0;20;Clouds;few clouds;654
10/18/2012 1:00;None;158;47;5;150;6;6;282,8;0;0;40;Clouds;scattered clouds;374
10/18/2012 2:00;None;66;50;3;140;2;2;282,32;0;0;99;Mist;mist;301
10/18/2012 3:00;None;198;54;4;150;5;5;282,38;0;0;99;Mist;mist;397
10/18/2012 4:00;None;47;54;5;160;3;3;282,76;0;0;90;Clouds;overcast clouds;794
10/18/2012 5:00;None;210;54;3;170;7;7;282,88;0;0;99;Mist;mist;2564
10/18/2012 6:00;None;238;50;2;170;1;1;284,18;0;0;75;Clouds;broken clouds;5358
10/18/2012 7:00;None;140;50;4;150;7;7;284,69;0;0;90;Clouds;overcast clouds;6441
10/18/2012 8:00;None;180;58;3;150;5;5;285;0;0;90;Clouds;overcast clouds;5536
10/18/2012 9:00;None;44;58;0;0;6;6;286,9;0;0;99;Rain;light rain;5256
10/18/2012 10:00;None;210;62;3;140;9;9;288,35;0;0;90;Clouds;overcast clouds;4619
10/18/2012 11:00;None;177;66;3;130;2;2;289,59;0;0;90;Clouds;overcast clouds;5107
10/18/2012 12:00;None;255;66;3;140;1;1;288,27;0;0;99;Rain;light rain;5147
10/18/2012 13:00;None;233;62;5;160;4;4;286,41;0;0;90;Clouds;overcast clouds;5283
10/18/2012 14:00;None;67;62;3;160;3;3;285,96;0;0;90;Clouds;overcast clouds;5704
10/18/2012 15:00;None;299;59;2;150;4;4;287,04;0;0;90;Clouds;overcast clouds;5887
10/18/2012 16:00;None;34;55;2;150;2;2;287,18;0;0;90;Clouds;overcast clouds;6307
10/18/2012 17:00;None;41;48;2;120;1;1;286,94;0;0;90;Clouds;overcast clouds;5953
10/18/2012 18:00;None;119;45;1;160;2;2;286,01;0;0;90;Clouds;overcast clouds;4519
10/18/2012 19:00;None;110;49;2;210;4;4;284,67;0;0;100;Drizzle;light intensity drizzle;3427
10/18/2012 20:00;None;159;49;2;140;8;8;283,44;0;0;100;Rain;light rain;2921
10/18/2012 21:00;None;202;59;1;0;4;4;282,51;0;0;100;Drizzle;light intensity drizzle;2649
10/18/2012 22:00;None;118;63;1;80;4;4;281,9;0;0;90;Clouds;overcast clouds;2005
10/18/2012 23:00;None;286;71;2;60;9;9;281,85;0;0;90;Clouds;overcast clouds;1177
10/19/2012 0:00;None;242;71;0;0;2;2;281,28;0;0;90;Clouds;overcast clouds;699
10/19/2012 1:00;None;30;71;3;90;8;8;280,97;0;0;87;Mist;mist;436
10/19/2012 2:00;None;261;71;1;120;4;4;280,44;0;0;87;Drizzle;light intensity drizzle;353
10/19/2012 2:00;None;23;76;2;120;7;7;280,44;0;0;87;Mist;mist;353
10/19/2012 3:00;None;224;81;2;110;9;9;280,02;0;0;87;Mist;mist;399
10/19/2012 4:00;None;33;81;1;110;8;8;279,79;0;0;87;Drizzle;light intensity drizzle;720
10/19/2012 4:00;None;29;87;2;100;6;6;279,79;0;0;87;Mist;mist;720
10/19/2012 4:00;None;211;81;1;120;4;4;279,79;0;0;87;Rain;light rain;720
10/19/2012 4:00;None;61;87;3;100;6;6;279,79;0;0;87;Drizzle;drizzle;720
10/19/2012 5:00;None;195;81;5;110;7;7;279,74;0;0;87;Mist;mist;2370
10/19/2012 5:00;None;216;81;4;110;5;5;279,74;0;0;87;Rain;light rain;2370
10/19/2012 6:00;None;104;81;3;100;5;5;279,65;0;0;87;Drizzle;light intensity drizzle;5162
10/19/2012 6:00;None;275;71;6;150;6;6;279,65;0;0;87;Mist;mist;5162
10/19/2012 6:00;None;24;62;4;150;7;7;279,65;0;0;87;Rain;light rain;5162
10/19/2012 7:00;None;184;59;4;180;8;8;279,45;0;0;91;Mist;mist;5777
10/19/2012 7:00;None;228;63;8;240;7;7;279,45;0;0;91;Rain;moderate rain;5777
10/19/2012 8:00;None;19;71;8;250;1;1;279,22;0;0;91;Drizzle;light intensity drizzle;5235
10/19/2012 8:00;None;28;66;6;250;5;5;279,22;0;0;91;Mist;mist;5235
10/19/2012 8:00;None;77;58;7;240;9;9;279,22;0;0;91;Rain;light rain;5235
10/19/2012 9:00;None;287;50;5;240;2;2;279,35;0;0;91;Rain;light rain;4606
10/19/2012 9:00;None;24;50;5;240;8;8;279,35;0;0;91;Mist;mist;4606
10/19/2012 10:00;None;123;54;5;250;1;1;279,92;0;0;91;Mist;mist;4328
10/19/2012 11:00;None;167;54;3;230;7;7;280,44;0;0;90;Clouds;overcast clouds;4282
10/19/2012 12:00;None;113;76;6;240;7;7;281;0;0;90;Clouds;overcast clouds;4489
10/19/2012 13:00;None;289;76;5;250;7;7;281,51;0;0;90;Clouds;overcast clouds;4908
10/19/2012 14:00;None;95;76;4;250;5;5;281,93;0;0;92;Mist;mist;5620
10/19/2012 15:00;None;103;76;4;260;2;2;281,94;0;0;92;Mist;mist;5849
10/19/2012 15:00;None;183;75;3;240;2;2;281,94;0;0;92;Drizzle;light intensity drizzle;5849
10/19/2012 16:00;None;251;75;3;250;6;6;282,27;0;0;92;Rain;moderate rain;4945
10/19/2012 17:00;None;271;93;3;230;5;5;282,41;0;0;92;Rain;light rain;4619
10/19/2012 18:00;None;291;93;3;260;2;2;282,21;0;0;90;Clouds;overcast clouds;4479
10/19/2012 19:00;None;156;93;2;250;8;8;281,69;0;0;75;Clouds;broken clouds;3804
10/19/2012 20:00;None;11;93;3;250;1;1;281,26;0;0;90;Clouds;overcast clouds;2908
10/19/2012 21:00;None;77;93;3;250;4;4;280,66;0;0;92;Mist;mist;2942
10/19/2012 22:00;None;78;93;3;260;1;1;280,43;0;0;92;Drizzle;drizzle;3077
10/19/2012 22:00;None;56;100;3;230;5;5;280,43;0;0;92;Drizzle;light intensity drizzle;3077
10/19/2012 23:00;None;73;93;3;230;9;9;280,1;0;0;92;Mist;mist;2051
10/19/2012 23:00;None;89;87;2;240;2;2;280,1;0;0;92;Rain;light rain;2051
10/19/2012 23:00;None;263;87;0;0;5;5;280,1;0;0;92;Drizzle;light intensity drizzle;2051
10/20/2012 0:00;None;246;81;0;0;7;7;280,06;0;0;92;Rain;light rain;1270
10/20/2012 0:00;None;148;75;0;0;1;1;280,06;0;0;92;Rain;moderate rain;1270
10/20/2012 1:00;None;273;70;0;0;9;9;280,28;0;0;96;Drizzle;drizzle;773
10/20/2012 1:00;None;163;70;0;0;1;1;280,28;0;0;96;Rain;light rain;773
10/20/2012 2:00;None;141;76;0;0;6;6;280,38;0;0;96;Drizzle;light intensity drizzle;589
10/20/2012 3:00;None;235;70;0;0;4;4;280,62;0;0;96;Drizzle;light intensity drizzle;432
10/20/2012 3:00;None;101;70;0;0;7;7;280,62;0;0;96;Mist;mist;432
10/20/2012 4:00;None;127;70;0;0;3;3;280,91;0;0;96;Mist;mist;401
10/20/2012 4:00;None;135;76;0;0;9;9;280,91;0;0;96;Drizzle;drizzle;401
10/20/2012 4:00;None;236;76;0;0;8;8;280,91;0;0;96;Rain;light rain;401
10/20/2012 5:00;None;188;81;0;0;2;2;280,96;0;0;96;Rain;light rain;759
10/20/2012 5:00;None;94;81;0;0;5;5;280,96;0;0;96;Mist;mist;759
10/20/2012 5:00;None;173;81;0;0;4;4;280,96;0;0;96;Drizzle;drizzle;759
10/20/2012 6:00;None;239;87;0;0;7;7;281,13;0;0;96;Rain;light rain;1313
10/20/2012 6:00;None;215;93;0;0;9;9;281,13;0;0;96;Mist;mist;1313
10/20/2012 6:00;None;113;93;0;0;2;2;281,13;0;0;96;Drizzle;light intensity drizzle;1313
10/20/2012 7:00;None;123;93;0;0;9;9;281,28;0;0;100;Rain;light rain;1824
10/20/2012 7:00;None;197;93;2;20;7;7;281,28;0;0;100;Mist;mist;1824
10/20/2012 7:00;None;280;93;1;300;2;2;281,28;0;0;100;Drizzle;drizzle;1824
10/20/2012 8:00;None;60;93;2;310;5;5;281,19;0;0;100;Rain;light rain;2787
10/20/2012 8:00;None;231;100;1;340;7;7;281,19;0;0;100;Mist;mist;2787
10/20/2012 8:00;None;120;100;2;360;5;5;281,19;0;0;100;Drizzle;drizzle;2787
10/20/2012 9:00;None;64;93;2;10;4;4;281,7;0;0;100;Rain;light rain;3713
10/20/2012 9:00;None;21;93;2;30;8;8;281,7;0;0;100;Drizzle;drizzle;3713
10/20/2012 9:00;None;199;100;3;50;6;6;281,7;0;0;100;Mist;mist;3713
10/20/2012 9:00;None;164;93;4;20;4;4;281,7;0;0;100;Drizzle;light intensity drizzle;3713
10/20/2012 10:00;None;274;76;3;30;9;9;282,02;0;0;100;Rain;light rain;3815
10/20/2012 10:00;None;113;71;3;30;4;4;282,02;0;0;100;Drizzle;drizzle;3815
10/20/2012 10:00;None;172;66;4;10;6;6;282,02;0;0;100;Mist;mist;3815
10/20/2012 10:00;None;150;62;3;20;4;4;282,02;0;0;100;Rain;moderate rain;3815
10/20/2012 11:00;None;246;61;3;0;5;5;282,35;0;0;100;Rain;light rain;4339
10/20/2012 11:00;None;53;66;1;360;2;2;282,35;0;0;100;Mist;mist;4339
10/20/2012 11:00;None;248;66;1;30;8;8;282,35;0;0;100;Drizzle;drizzle;4339
10/20/2012 12:00;None;106;81;1;270;5;5;282,71;0;0;100;Rain;heavy intensity rain;4613
10/20/2012 12:00;None;107;81;1;320;8;8;282,71;0;0;100;Mist;mist;4613
10/20/2012 12:00;None;62;86;0;0;2;2;282,71;0;0;100;Rain;light rain;4613
10/20/2012 12:00;None;118;81;0;0;2;2;282,71;0;0;100;Rain;moderate rain;4613
10/20/2012 13:00;None;266;83;0;0;8;8;283,31;0;0;48;Rain;light rain;4507
10/20/2012 14:00;None;20;85;0;0;9;9;283,79;0;0;90;Clouds;overcast clouds;4452
10/20/2012 15:00;None;187;88;0;0;4;4;284,2;0;0;75;Clouds;broken clouds;4636
10/20/2012 16:00;None;34;90;0;0;4;4;284,32;0;0;90;Clouds;overcast clouds;4810
10/20/2012 17:00;None;135;92;0;0;8;8;284,13;0;0;75;Clouds;broken clouds;5125
10/20/2012 18:00;None;275;95;0;0;9;9;283,14;0;0;40;Clouds;scattered clouds;4337
10/20/2012 19:00;None;142;97;0;0;3;3;281,4;0;0;40;Clouds;scattered clouds;3644
10/20/2012 20:00;None;287;100;0;0;8;8;280,47;0;0;20;Clouds;few clouds;3107
10/20/2012 21:00;None;51;95;0;21;3;3;279,52;0;0;20;Clouds;few clouds;2929
10/20/2012 22:00;None;110;91;0;42;3;3;278,85;0;0;48;Mist;mist;2865
10/20/2012 23:00;None;293;87;1;63;4;4;278,12;0;0;48;Fog;fog;2340
10/21/2012 0:00;None;286;83;1;84;6;6;277,94;0;0;48;Mist;mist;1372
10/21/2012 8:00;None;148;78;2;105;6;6;275,93;0;0;60;Fog;fog;1928
10/21/2012 8:00;None;230;74;2;126;3;3;275,93;0;0;60;Mist;mist;1928
10/21/2012 17:00;None;78;70;2;147;7;7;284,09;0;0;75;Clouds;broken clouds;4695
10/21/2012 18:00;None;186;66;3;168;8;8;282,6;0;0;75;Clouds;broken clouds;4335
10/21/2012 22:00;None;206;62;3;190;4;4;281,72;0;0;90;Clouds;overcast clouds;1583
10/21/2012 23:00;None;42;81;4;220;5;5;281,26;0;0;90;Clouds;overcast clouds;959
10/22/2012 0:00;None;237;81;3;200;2;2;281,29;0;0;75;Clouds;broken clouds;498
10/22/2012 1:00;None;145;81;3;180;9;9;281,01;0;0;75;Clouds;broken clouds;306
10/22/2012 2:00;None;143;81;3;160;2;2;280,57;0;0;40;Clouds;scattered clouds;259
10/22/2012 3:00;None;152;81;3;140;3;3;280,54;0;0;75;Clouds;broken clouds;324
10/22/2012 4:00;None;254;87;3;140;9;9;279,37;0;0;8;Mist;mist;806
10/22/2012 5:00;None;146;87;3;140;9;9;279,18;0;0;8;Mist;mist;2622
10/22/2012 6:00;None;70;87;2;130;4;4;279,05;0;0;8;Mist;mist;5456
10/22/2012 10:00;None;65;87;2;120;2;2;282,7;0;0;38;Clear;sky is clear;4324
10/22/2012 11:00;None;142;87;3;110;6;6;286,17;0;0;40;Clouds;scattered clouds;4378
10/22/2012 12:00;None;217;93;3;120;6;6;288,61;0;0;75;Clouds;broken clouds;4639
10/22/2012 13:00;None;135;87;4;110;8;8;290,59;0;0;20;Clouds;few clouds;4546
10/22/2012 14:00;None;132;87;4;120;6;6;292,21;0;0;75;Clouds;broken clouds;5006
10/22/2012 15:00;None;240;84;4;129;7;7;293,56;0;0;75;Clouds;broken clouds;5361
10/22/2012 16:00;None;44;81;4;138;6;6;293,43;0;0;40;Clouds;scattered clouds;6101
10/22/2012 17:00;None;275;79;4;147;2;2;293,4;0;0;40;Clouds;scattered clouds;5781
10/22/2012 18:00;None;100;76;4;156;1;1;291,47;0;0;20;Clouds;few clouds;4272
10/22/2012 19:00;None;30;71;5;120;4;4;289,17;0;0;20;Clouds;few clouds;3091
10/22/2012 20:00;None;149;54;5;130;7;7;287,28;0;0;1;Clear;sky is clear;2434
10/22/2012 21:00;None;274;48;5;150;5;5;286,1;0;0;1;Clear;sky is clear;1984
10/22/2012 22:00;None;129;42;6;150;5;5;285,45;0;0;75;Clouds;broken clouds;1383
10/22/2012 23:00;None;230;43;6;160;9;9;285,33;0;0;90;Clouds;overcast clouds;959
10/23/2012 0:00;None;32;46;6;170;9;9;285,07;0;0;90;Clouds;overcast clouds;511
10/23/2012 1:00;None;48;46;3;180;9;9;284,58;0;0;90;Clouds;overcast clouds;346
10/23/2012 2:00;None;244;49;3;230;9;9;283,88;0;0;75;Clouds;broken clouds;253
10/23/2012 3:00;None;250;59;2;300;7;7;283,55;0;0;75;Clouds;broken clouds;349
10/23/2012 4:00;None;137;63;4;320;8;8;282,85;0;0;20;Clouds;few clouds;807
10/23/2012 5:00;None;31;76;2;300;1;1;282,42;0;0;20;Clouds;few clouds;2669
10/23/2012 6:00;None;64;71;1;0;8;8;282,13;0;0;75;Clouds;broken clouds;5210
10/23/2012 7:00;None;56;71;1;310;6;6;281,85;0;0;40;Clouds;scattered clouds;6083
10/23/2012 8:00;None;243;62;3;10;5;5;281,85;0;0;20;Clouds;few clouds;5790
10/23/2012 9:00;None;36;62;0;0;7;7;283,07;0;0;75;Clouds;broken clouds;5484
10/23/2012 10:00;None;57;66;1;320;9;9;284,53;0;0;90;Clouds;overcast clouds;4407
10/23/2012 11:00;None;176;71;2;360;6;6;285,6;0;0;75;Clouds;broken clouds;4725
10/23/2012 12:00;None;280;76;3;350;9;9;286,63;0;0;90;Clouds;overcast clouds;4826
10/23/2012 13:00;None;90;81;2;360;2;2;286,75;0;0;99;Rain;moderate rain;4945
10/23/2012 14:00;None;127;76;4;10;9;9;287,97;0;0;90;Clouds;overcast clouds;5065
10/23/2012 15:00;None;54;76;4;30;4;4;288,54;0;0;99;Thunderstorm;proximity thunderstorm;5618
10/23/2012 16:00;None;284;76;3;20;1;1;288,72;0;0;90;Clouds;overcast clouds;6094
10/23/2012 17:00;None;190;76;4;20;6;6;288,53;0;0;90;Clouds;overcast clouds;5844
10/23/2012 18:00;None;241;76;4;20;1;1;288,16;0;0;90;Clouds;overcast clouds;4649
10/23/2012 19:00;None;95;66;5;20;2;2;287,59;0;0;90;Clouds;overcast clouds;3180
10/23/2012 20:00;None;114;58;5;30;6;6;287,21;0;0;90;Clouds;overcast clouds;2963
10/23/2012 21:00;None;252;76;6;20;6;6;286,29;0;0;90;Clouds;overcast clouds;2450
10/23/2012 22:00;None;186;71;5;30;8;8;285,7;0;0;90;Clouds;overcast clouds;1613
10/23/2012 23:00;None;243;67;5;40;5;5;285,61;0;0;90;Clouds;overcast clouds;1021
10/24/2012 0:00;None;87;51;7;60;3;3;285,37;0;0;99;Drizzle;light intensity drizzle;580
10/24/2012 0:00;None;135;51;6;70;4;4;285,37;0;0;99;Mist;mist;580
10/24/2012 1:00;None;198;63;4;70;4;4;285,51;0;0;90;Clouds;overcast clouds;298
10/24/2012 2:00;None;69;67;5;70;4;4;285,6;0;0;100;Haze;haze;261
10/24/2012 3:00;None;229;67;4;80;8;8;285,99;0;0;100;Mist;mist;408
10/24/2012 3:00;None;85;71;4;60;4;4;285,99;0;0;100;Haze;haze;408
10/24/2012 4:00;None;100;76;5;60;4;4;285,94;0;0;100;Mist;mist;793
10/24/2012 4:00;None;125;76;4;70;9;9;285,94;0;0;100;Thunderstorm;proximity thunderstorm;793
10/24/2012 5:00;None;289;87;4;70;5;5;285,97;0;0;90;Mist;mist;2643
10/24/2012 5:00;None;176;82;4;80;1;1;285,97;0;0;90;Rain;light rain;2643
10/24/2012 5:00;None;135;82;5;80;2;2;285,97;0;0;90;Thunderstorm;proximity thunderstorm;2643
10/24/2012 6:00;None;242;87;4;100;5;5;285,73;0;0;90;Mist;mist;5593
10/24/2012 6:00;None;123;93;7;110;8;8;285,73;0;0;90;Thunderstorm;thunderstorm with light rain;5593
10/24/2012 6:00;None;109;93;4;100;8;8;285,73;0;0;90;Rain;moderate rain;5593
10/24/2012 6:00;None;160;93;5;110;5;5;285,73;0;0;90;Thunderstorm;proximity thunderstorm;5593
10/24/2012 7:00;None;81;93;3;100;2;2;285,5;0;0;90;Rain;light rain;5722
10/24/2012 7:00;None;176;93;4;70;6;6;285,5;0;0;90;Mist;mist;5722
10/24/2012 8:00;None;81;100;5;90;6;6;285,55;0;0;90;Drizzle;light intensity drizzle;5607
10/24/2012 8:00;None;20;93;4;110;8;8;285,55;0;0;90;Mist;mist;5607
10/24/2012 8:00;None;238;93;5;110;5;5;285,55;0;0;90;Rain;light rain;5607
10/24/2012 8:00;None;135;87;5;140;3;3;285,55;0;0;90;Thunderstorm;proximity thunderstorm;5607
10/24/2012 9:00;None;162;82;5;140;5;5;285,93;0;0;90;Drizzle;light intensity drizzle;5492
10/24/2012 9:00;None;171;88;4;130;3;3;285,93;0;0;90;Mist;mist;5492
10/24/2012 9:00;None;287;88;4;110;8;8;285,93;0;0;90;Rain;moderate rain;5492
10/24/2012 10:00;None;188;88;2;130;2;2;286,34;0;0;90;Mist;mist;4542
10/24/2012 11:00;None;153;82;3;230;4;4;286,82;0;0;90;Mist;mist;4720
10/24/2012 11:00;None;148;72;3;210;8;8;286,82;0;0;90;Fog;fog;4720
10/24/2012 12:00;None;215;77;0;0;3;3;288,36;0;0;90;Mist;mist;4982
10/24/2012 12:00;None;105;82;1;120;1;1;288,36;0;0;90;Haze;haze;4982
10/24/2012 12:00;None;223;87;1;120;8;8;288,36;0;0;90;Fog;fog;4982
10/24/2012 13:00;None;78;87;2;350;6;6;289,08;0;0;90;Haze;haze;5032
10/24/2012 13:00;None;28;93;1;300;8;8;289,08;0;0;90;Mist;mist;5032
10/24/2012 13:00;None;110;82;3;270;2;2;289,08;0;0;90;Fog;fog;5032
10/24/2012 14:00;None;90;87;0;0;2;2;289,88;0;0;90;Mist;mist;5212
10/24/2012 14:00;None;192;93;0;0;7;7;289,88;0;0;90;Haze;haze;5212
10/24/2012 15:00;None;27;87;0;0;2;2;290,24;0;0;90;Mist;mist;5661
10/24/2012 15:00;None;164;87;0;0;4;4;290,24;0;0;90;Haze;haze;5661
10/24/2012 15:00;None;138;93;2;270;3;3;290,24;0;0;90;Rain;moderate rain;5661
10/24/2012 16:00;None;170;87;0;0;2;2;290,01;0;0;90;Mist;mist;5812
10/24/2012 17:00;None;128;87;2;310;7;7;289,62;0;0;90;Haze;haze;5855
10/24/2012 17:00;None;182;87;0;0;6;6;289,62;0;0;90;Mist;mist;5855
10/24/2012 18:00;None;162;87;2;175;8;8;289,61;0;0;90;Haze;haze;4416
10/24/2012 18:00;None;29;87;4;350;8;8;289,61;0;0;90;Mist;mist;4416
10/24/2012 19:00;None;43;77;5;10;4;4;289,06;0;0;90;Mist;mist;3118
10/24/2012 20:00;None;69;77;3;10;9;9;288,34;0;0;75;Haze;haze;2877
10/24/2012 20:00;None;167;87;3;290;6;6;288,34;0;0;75;Mist;mist;2877
10/24/2012 21:00;None;215;93;4;360;8;8;287,06;0;0;20;Mist;mist;2498
10/24/2012 22:00;None;102;93;4;350;1;1;287,41;0;0;75;Mist;mist;1701
10/24/2012 23:00;None;227;100;5;350;8;8;287,52;0;0;90;Mist;mist;1028
10/25/2012 0:00;None;98;93;5;340;5;5;287,81;0;0;90;Mist;mist;578
10/25/2012 1:00;None;182;93;4;340;4;4;287,29;0;0;75;Mist;mist;354
10/25/2012 2:00;None;49;93;7;330;3;3;287,23;0;0;90;Mist;mist;272
10/25/2012 3:00;None;212;93;4;340;5;5;286,44;0;0;90;Mist;mist;370
10/25/2012 4:00;None;230;87;5;350;9;9;285,32;0;0;90;Mist;mist;809
10/25/2012 4:00;None;56;87;6;360;9;9;285,32;0;0;90;Fog;fog;809
10/25/2012 5:00;None;252;87;7;340;2;2;285,43;0;0;90;Mist;mist;2641
10/25/2012 6:00;None;97;87;7;330;3;3;285,53;0;0;75;Mist;mist;4957
10/25/2012 7:00;None;166;93;5;360;9;9;285,2;0;0;90;Mist;mist;6036
10/25/2012 7:00;None;171;87;6;350;1;1;285,2;0;0;90;Fog;fog;6036
10/25/2012 8:00;None;29;93;6;350;5;5;285,02;0;0;90;Mist;mist;5309
10/25/2012 10:00;None;157;93;7;350;3;3;286,43;0;0;90;Mist;mist;4438
10/25/2012 11:00;None;210;87;5;350;5;5;287,36;0;0;90;Mist;mist;4723
10/25/2012 12:00;None;160;93;7;350;1;1;287,6;0;0;90;Mist;mist;4879
10/25/2012 13:00;None;109;87;8;340;6;6;287,29;0;0;90;Clouds;overcast clouds;5062
10/25/2012 14:00;None;256;93;10;330;6;6;286,41;0;0;90;Rain;light rain;5450
10/25/2012 14:00;None;122;93;7;320;6;6;286,41;0;0;90;Mist;mist;5450
10/25/2012 14:00;None;228;93;10;320;8;8;286,41;0;0;90;Drizzle;light intensity drizzle;5450
10/25/2012 14:00;None;34;93;8;320;8;8;286,41;0;0;90;Drizzle;drizzle;5450
10/25/2012 15:00;None;298;93;9;320;4;4;285,8;0;0;90;Drizzle;light intensity drizzle;5888
10/25/2012 15:00;None;112;93;7;310;2;2;285,8;0;0;90;Mist;mist;5888
10/25/2012 15:00;None;88;93;7;310;8;8;285,8;0;0;90;Rain;light rain;5888
10/25/2012 15:00;None;25;86;6;310;4;4;285,8;0;0;90;Drizzle;drizzle;5888
10/25/2012 15:00;None;68;74;9;320;7;7;285,8;0;0;90;Rain;moderate rain;5888
10/25/2012 16:00;None;203;69;7;310;6;6;285,29;0;0;90;Rain;light rain;6473
10/25/2012 16:00;None;134;64;6;290;8;8;285,29;0;0;90;Mist;mist;6473
10/25/2012 16:00;None;41;64;7;290;8;8;285,29;0;0;90;Drizzle;light intensity drizzle;6473
10/25/2012 17:00;None;187;64;5;300;4;4;284,77;0;0;90;Rain;moderate rain;6488
10/25/2012 17:00;None;228;64;4;270;3;3;284,77;0;0;90;Mist;mist;6488
10/25/2012 17:00;None;109;64;6;270;6;6;284,77;0;0;90;Rain;light rain;6488
10/25/2012 18:00;None;112;59;7;280;2;2;284,29;0;0;90;Drizzle;light intensity drizzle;5351
10/25/2012 18:00;None;127;59;6;270;8;8;284,29;0;0;90;Mist;mist;5351
10/25/2012 18:00;None;252;59;6;280;8;8;284,29;0;0;90;Rain;moderate rain;5351
10/25/2012 18:00;None;128;55;6;280;9;9;284,29;0;0;90;Rain;light rain;5351
10/25/2012 19:00;None;16;64;6;270;8;8;283,79;0;0;90;Drizzle;light intensity drizzle;3500
10/25/2012 19:00;None;19;64;5;270;7;7;283,79;0;0;90;Mist;mist;3500
10/25/2012 19:00;None;290;69;5;280;1;1;283,79;0;0;90;Rain;light rain;3500
10/25/2012 20:00;None;51;69;6;280;3;3;283,44;0;0;90;Rain;light rain;2856
10/25/2012 20:00;None;56;69;4;270;9;9;283,44;0;0;90;Mist;mist;2856
10/25/2012 20:00;None;105;69;5;260;1;1;283,44;0;0;90;Drizzle;drizzle;2856
10/25/2012 21:00;None;255;64;6;280;8;8;283,22;0;0;90;Rain;moderate rain;2587
10/25/2012 21:00;None;233;64;0;248;7;7;283,22;0;0;90;Mist;mist;2587
10/25/2012 21:00;None;123;51;7;290;7;7;283,22;0;0;90;Drizzle;light intensity drizzle;2587
10/25/2012 22:00;None;41;48;6;310;6;6;282,82;0;0;90;Clouds;overcast clouds;1979
10/25/2012 23:00;None;162;48;5;290;9;9;282,13;0;0;90;Clouds;overcast clouds;1284
10/26/2012 0:00;None;226;51;6;280;2;2;281,05;0;0;90;Rain;light rain;665
10/26/2012 0:00;None;255;47;6;290;6;6;281,05;0;0;90;Rain;moderate rain;665
10/26/2012 0:00;None;281;48;4;290;1;1;281,05;0;0;90;Drizzle;light intensity drizzle;665
10/26/2012 1:00;None;270;48;4;290;8;8;280,44;0;0;90;Drizzle;drizzle;432
10/26/2012 1:00;None;16;48;5;270;5;5;280,44;0;0;90;Rain;light rain;432
10/26/2012 2:00;None;214;51;6;270;5;5;280,07;0;0;90;Rain;light rain;326
10/26/2012 2:00;None;273;55;4;270;4;4;280,07;0;0;90;Mist;mist;326
10/26/2012 2:00;None;298;59;4;270;2;2;280,07;0;0;90;Drizzle;light intensity drizzle;326
10/26/2012 3:00;None;211;64;3;270;2;2;279,54;0;0;90;Rain;light rain;380
10/26/2012 3:00;None;125;69;2;250;2;2;279,54;0;0;90;Mist;mist;380
10/26/2012 3:00;None;221;69;2;240;9;9;279,54;0;0;90;Drizzle;light intensity drizzle;380
10/26/2012 3:00;None;169;74;2;230;4;4;279,54;0;0;90;Drizzle;drizzle;380
10/26/2012 4:00;None;138;74;2;250;3;3;278,93;0;0;90;Rain;light rain;705
10/26/2012 4:00;None;157;74;1;230;4;4;278,93;0;0;90;Mist;mist;705
10/26/2012 4:00;None;87;74;2;220;2;2;278,93;0;0;90;Rain;moderate rain;705
10/26/2012 4:00;None;271;74;2;220;4;4;278,93;0;0;90;Drizzle;light intensity drizzle;705
10/26/2012 4:00;None;61;86;2;230;9;9;278,93;0;0;90;Drizzle;drizzle;705
10/26/2012 5:00;None;267;80;1;210;3;3;278,27;0;0;90;Rain;heavy intensity rain;2430
10/26/2012 5:00;None;230;86;2;190;6;6;278,27;0;0;90;Mist;mist;2430
10/26/2012 5:00;None;48;86;0;0;5;5;278,27;0;0;90;Rain;moderate rain;2430
10/26/2012 5:00;None;257;74;1;240;4;4;278,27;0;0;90;Thunderstorm;proximity thunderstorm with rain;2430
10/26/2012 6:00;None;297;64;2;230;7;7;278,07;0;0;90;Rain;heavy intensity rain;5426
10/26/2012 6:00;None;263;48;2;200;6;6;278,07;0;0;90;Mist;mist;5426
10/26/2012 6:00;None;125;41;4;220;8;8;278,07;0;0;90;Rain;moderate rain;5426
10/26/2012 7:00;None;206;35;3;210;4;4;277,53;0;0;90;Rain;light rain;6499
10/26/2012 7:00;None;223;35;4;210;7;7;277,53;0;0;90;Rain;moderate rain;6499
10/26/2012 8:00;None;101;38;4;230;3;3;276,23;0;0;90;Rain;light rain;5856
10/26/2012 8:00;None;41;41;3;230;2;2;276,23;0;0;90;Mist;mist;5856
10/26/2012 8:00;None;102;44;1;200;6;6;276,23;0;0;90;Rain;moderate rain;5856
10/26/2012 9:00;None;241;48;1;220;5;5;275,66;0;0;90;Rain;light rain;5234
10/26/2012 9:00;None;140;51;0;0;1;1;275,66;0;0;90;Mist;mist;5234
10/26/2012 9:00;None;232;55;0;0;3;3;275,66;0;0;90;Snow;heavy snow;5234
10/26/2012 10:00;None;22;55;0;0;3;3;275,02;0;0;90;Rain;light rain;4695
10/26/2012 10:00;None;30;64;0;0;1;1;275,02;0;0;90;Mist;mist;4695
10/26/2012 10:00;None;23;64;0;0;1;1;275,02;0;0;90;Rain;moderate rain;4695
10/26/2012 10:00;None;116;64;0;0;9;9;275,02;0;0;90;Snow;heavy snow;4695
10/26/2012 11:00;None;137;80;0;0;6;6;275,03;0;0;90;Rain;light rain;5341
10/26/2012 11:00;None;41;80;0;0;5;5;275,03;0;0;90;Snow;heavy snow;5341
10/26/2012 11:00;None;178;80;1;110;1;1;275,03;0;0;90;Mist;mist;5341
10/26/2012 11:00;None;297;80;0;0;3;3;275,03;0;0;90;Rain;moderate rain;5341
10/26/2012 12:00;None;90;74;1;120;1;1;274,5;0;0;90;Mist;mist;5943
10/26/2012 12:00;None;191;74;1;110;7;7;274,5;0;0;90;Snow;heavy snow;5943
10/26/2012 13:00;None;199;74;2;120;3;3;275,01;0;0;90;Snow;heavy snow;5874
10/26/2012 14:00;None;264;74;2;140;7;7;275,38;0;0;90;Snow;heavy snow;5879
10/26/2012 14:00;None;175;64;3;140;9;9;275,38;0;0;90;Mist;mist;5879
10/26/2012 15:00;None;265;55;3;170;9;9;275,85;0;0;90;Snow;heavy snow;6060
10/26/2012 16:00;None;207;48;3;170;8;8;276,56;0;0;90;Clouds;overcast clouds;6348
10/26/2012 17:00;None;222;41;2;0;5;5;276,7;0;0;90;Clouds;overcast clouds;5955
10/26/2012 18:00;None;54;38;3;200;5;5;276,71;0;0;90;Clouds;overcast clouds;5341
10/26/2012 19:00;None;22;39;2;160;4;4;276,43;0;0;90;Clouds;overcast clouds;4144
10/26/2012 20:00;None;61;39;3;130;3;3;276,23;0;0;90;Clouds;overcast clouds;3249
10/26/2012 21:00;None;274;39;3;160;3;3;275,99;0;0;75;Clouds;broken clouds;3017
10/26/2012 22:00;None;52;39;2;160;2;2;276,28;0;0;90;Clouds;overcast clouds;2765
10/26/2012 23:00;None;16;48;2;130;5;5;276,28;0;0;90;Clouds;overcast clouds;1894
10/27/2012 0:00;None;239;48;2;140;6;6;276,01;0;0;90;Clouds;overcast clouds;1159
10/27/2012 1:00;None;53;51;2;150;7;7;275,36;0;0;90;Clouds;overcast clouds;822
10/27/2012 2:00;None;181;55;3;140;3;3;274,93;0;0;20;Clouds;few clouds;641
10/27/2012 3:00;None;111;48;3;160;1;1;274,28;0;0;20;Clouds;few clouds;411
10/27/2012 4:00;None;232;51;2;160;1;1;274,01;0;0;1;Clear;sky is clear;468
10/27/2012 5:00;None;77;59;2;150;1;1;273,71;0;0;1;Clear;sky is clear;723
10/27/2012 6:00;None;131;59;2;150;2;2;273,43;0;0;1;Clear;sky is clear;1415
10/27/2012 7:00;None;86;59;2;140;7;7;273,65;0;0;20;Clouds;few clouds;2191
10/27/2012 8:00;None;214;59;0;0;6;6;274,58;0;0;75;Clouds;broken clouds;3185
10/27/2012 9:00;None;180;59;2;140;1;1;275,39;0;0;90;Clouds;overcast clouds;4076
10/27/2012 10:00;None;227;68;2;130;4;4;275,44;0;0;0;Clear;sky is clear;4522
10/27/2012 11:00;None;202;68;1;150;3;3;276,11;0;0;90;Clouds;overcast clouds;6012
10/27/2012 12:00;None;162;68;2;130;7;7;276,48;0;0;90;Clouds;overcast clouds;5975
10/27/2012 13:00;None;50;64;3;110;6;6;276,5;0;0;90;Clouds;overcast clouds;5307
10/27/2012 14:00;None;32;55;3;130;6;6;276,56;0;0;90;Clouds;overcast clouds;4678
10/27/2012 15:00;None;195;51;3;140;6;6;276,61;0;0;90;Clouds;overcast clouds;4405
10/27/2012 16:00;None;225;52;3;140;3;3;276,9;0;0;90;Clouds;overcast clouds;4403
10/27/2012 17:00;None;52;52;3;110;5;5;276,61;0;0;90;Clouds;overcast clouds;4311
10/27/2012 18:00;None;122;52;2;140;7;7;276,34;0;0;90;Clouds;overcast clouds;4198
10/27/2012 19:00;None;240;48;3;130;1;1;275,96;0;0;90;Clouds;overcast clouds;3475
10/27/2012 20:00;None;119;48;4;140;9;9;275,6;0;0;90;Clouds;overcast clouds;3078
10/27/2012 21:00;None;147;48;3;120;3;3;274,86;0;0;90;Clouds;overcast clouds;2931
10/27/2012 22:00;None;114;45;4;110;4;4;274,05;0;0;20;Clouds;few clouds;2941
10/27/2012 23:00;None;149;45;4;100;9;9;273,62;0;0;20;Clouds;few clouds;2240
10/28/2012 0:00;None;264;48;3;110;3;3;273,52;0;0;20;Clouds;few clouds;1564
10/28/2012 1:00;None;84;48;3;110;4;4;273,54;0;0;90;Clouds;overcast clouds;795
10/28/2012 2:00;None;242;48;2;110;2;2;273,63;0;0;90;Clouds;overcast clouds;447
10/28/2012 3:00;None;221;48;1;70;6;6;273,63;0;0;90;Clouds;overcast clouds;443
10/28/2012 4:00;None;67;59;0;0;3;3;273,22;0;0;90;Clouds;overcast clouds;330
10/28/2012 5:00;None;47;74;0;0;4;4;272,75;0;0;75;Clouds;broken clouds;453
10/28/2012 6:00;None;271;86;0;0;3;3;272,16;0;0;75;Clouds;broken clouds;755
10/28/2012 7:00;None;221;86;1;30;1;1;271,06;0;0;20;Clouds;few clouds;953
10/28/2012 8:00;None;147;86;0;0;9;9;270,68;0;0;1;Clear;sky is clear;1650
10/28/2012 9:00;None;291;86;0;0;1;1;272,6;0;0;1;Clear;sky is clear;2442
10/28/2012 10:00;None;67;80;0;0;6;6;274,06;0;0;1;Clear;sky is clear;3230
10/28/2012 11:00;None;282;79;2;40;7;7;275,81;0;0;1;Clear;sky is clear;3575
10/28/2012 12:00;None;62;74;2;30;5;5;277,54;0;0;20;Clouds;few clouds;4139
10/28/2012 13:00;None;215;74;1;350;7;7;278,54;0;0;40;Clouds;scattered clouds;3892
10/28/2012 14:00;None;14;64;0;0;8;8;278,97;0;0;40;Clouds;scattered clouds;3989
10/28/2012 15:00;None;116;56;3;40;9;9;278,91;0;0;75;Clouds;broken clouds;4294
10/28/2012 16:00;None;252;49;4;360;5;5;278,81;0;0;75;Clouds;broken clouds;4521
10/28/2012 17:00;None;157;45;4;20;9;9;278,27;0;0;75;Clouds;broken clouds;4280
10/28/2012 18:00;None;188;42;3;360;1;1;276,67;0;0;75;Clouds;broken clouds;3945
10/28/2012 19:00;None;183;39;5;360;8;8;275,86;0;0;75;Clouds;broken clouds;3169
10/28/2012 20:00;None;148;37;6;10;3;3;274,29;0;0;75;Clouds;broken clouds;2772
10/28/2012 21:00;None;184;39;4;340;5;5;273,37;0;0;75;Clouds;broken clouds;2213
10/28/2012 22:00;None;262;39;5;350;9;9;272,77;0;0;75;Clouds;broken clouds;1570
10/28/2012 23:00;None;259;35;5;360;4;4;272,01;0;0;75;Clouds;broken clouds;1065
10/29/2012 0:00;None;145;41;5;20;8;8;271,78;0;0;40;Clouds;scattered clouds;530
10/29/2012 1:00;None;31;40;5;10;1;1;271,41;0;0;75;Haze;haze;331
10/29/2012 2:00;None;47;40;3;20;6;6;271,46;0;0;75;Mist;mist;270
10/29/2012 3:00;None;36;47;2;10;2;2;271,76;0;0;75;Clouds;broken clouds;316
10/29/2012 4:00;None;291;47;2;350;1;1;272,24;0;0;90;Clouds;overcast clouds;799
10/29/2012 5:00;None;288;47;2;330;5;5;271,98;0;0;90;Clouds;overcast clouds;2513
10/29/2012 6:00;None;129;63;2;310;9;9;271,53;0;0;40;Clouds;scattered clouds;5503
10/29/2012 7:00;None;262;58;2;320;2;2;271,46;0;0;40;Clouds;scattered clouds;6642
10/29/2012 8:00;None;74;58;2;330;2;2;271,7;0;0;40;Clouds;scattered clouds;6195
10/29/2012 9:00;None;83;63;1;300;6;6;273,26;0;0;75;Clouds;broken clouds;5246
10/29/2012 10:00;None;183;68;0;0;4;4;274,9;0;0;90;Clouds;overcast clouds;4460
10/29/2012 11:00;None;269;63;0;0;4;4;276,33;0;0;90;Clouds;overcast clouds;4580
10/29/2012 12:00;None;294;73;1;300;3;3;277,58;0;0;90;Snow;heavy snow;4771
10/29/2012 13:00;None;82;68;2;320;8;8;278,5;0;0;90;Clouds;overcast clouds;4836
10/29/2012 14:00;None;88;55;1;340;4;4;279,3;0;0;90;Clouds;overcast clouds;5138
10/29/2012 15:00;None;53;47;3;310;3;3;279,89;0;0;90;Clouds;overcast clouds;5606
10/29/2012 16:00;None;242;38;3;320;2;2;280,11;0;0;40;Clouds;scattered clouds;6120
10/29/2012 17:00;None;12;33;4;310;6;6;279,82;0;0;40;Clouds;scattered clouds;5985
10/29/2012 18:00;None;88;29;3;280;3;3;278,69;0;0;40;Clouds;scattered clouds;4418
10/29/2012 19:00;None;190;23;2;290;1;1;277,75;0;0;40;Clouds;scattered clouds;3089
10/29/2012 20:00;None;148;31;0;0;1;1;276,77;0;0;40;Clouds;scattered clouds;2636
10/29/2012 21:00;None;16;27;5;320;2;2;276,61;0;0;75;Clouds;broken clouds;2117
10/29/2012 22:00;None;222;36;2;310;2;2;276,06;0;0;75;Clouds;broken clouds;1437
10/29/2012 23:00;None;10;36;0;0;1;1;275,22;0;0;20;Clouds;few clouds;920
10/30/2012 0:00;None;193;39;0;0;6;6;274,75;0;0;20;Clouds;few clouds;600
10/30/2012 1:00;None;260;48;1;260;6;6;274,24;0;0;20;Clouds;few clouds;393
10/30/2012 2:00;None;224;45;0;0;4;4;273,47;0;0;20;Clouds;few clouds;298
10/30/2012 3:00;None;86;42;0;0;9;9;273,5;0;0;1;Clear;sky is clear;352
10/30/2012 4:00;None;52;45;1;240;6;6;273,15;0;0;75;Clouds;broken clouds;762
10/30/2012 5:00;None;166;45;0;0;8;8;273;0;0;20;Clouds;few clouds;2519
10/30/2012 6:00;None;27;56;0;0;2;2;272,69;0;0;20;Clouds;few clouds;5478
10/30/2012 7:00;None;229;60;0;0;7;7;273,08;0;0;40;Clouds;scattered clouds;6728
10/30/2012 8:00;None;82;64;0;0;3;3;273,91;0;0;75;Clouds;broken clouds;5972
10/30/2012 9:00;None;199;65;3;310;9;9;274,82;0;0;75;Clouds;broken clouds;5280
10/30/2012 10:00;None;271;56;4;320;2;2;276,16;0;0;75;Clouds;broken clouds;4626
10/30/2012 11:00;None;153;60;5;340;5;5;277,69;0;0;90;Clouds;overcast clouds;4947
10/30/2012 12:00;None;138;69;4;320;7;7;278,47;0;0;90;Clouds;overcast clouds;5125
10/30/2012 13:00;None;287;75;5;320;8;8;279,12;0;0;90;Clouds;overcast clouds;5130
10/30/2012 14:00;None;199;60;5;330;6;6;279,28;0;0;90;Clouds;overcast clouds;5394
10/30/2012 15:00;None;160;56;7;350;7;7;280,19;0;0;90;Clouds;overcast clouds;5837
10/30/2012 16:00;None;104;56;6;340;6;6;280,5;0;0;90;Clouds;overcast clouds;6222
10/30/2012 17:00;None;47;48;6;330;3;3;280,3;0;0;90;Clouds;overcast clouds;5992
10/30/2012 18:00;None;165;52;5;320;4;4;279,58;0;0;75;Clouds;broken clouds;4578
10/30/2012 19:00;None;51;42;6;350;3;3;278,78;0;0;75;Clouds;broken clouds;3246
10/30/2012 20:00;None;135;42;5;350;5;5;278,5;0;0;90;Clouds;overcast clouds;2834
10/30/2012 21:00;None;86;39;4;340;4;4;276,93;0;0;75;Clouds;broken clouds;2578
10/30/2012 22:00;None;105;48;6;350;2;2;276,03;0;0;40;Clouds;scattered clouds;1979
10/30/2012 23:00;None;272;51;5;350;7;7;275,01;0;0;40;Clouds;scattered clouds;1326
10/31/2012 0:00;None;234;51;4;360;3;3;273,87;0;0;40;Clouds;scattered clouds;541
10/31/2012 1:00;None;120;55;3;360;3;3;272,99;0;0;1;Clear;sky is clear;346
10/31/2012 2:00;None;247;59;3;10;4;4;272,41;0;0;1;Clear;sky is clear;265
10/31/2012 3:00;None;214;59;3;360;5;5;272,31;0;0;1;Clear;sky is clear;338
10/31/2012 4:00;None;297;68;3;360;3;3;272,39;0;0;1;Clear;sky is clear;765
10/31/2012 5:00;None;272;68;3;10;1;1;271,73;0;0;1;Clear;sky is clear;2611
10/31/2012 6:00;None;85;68;2;10;2;2;271,54;0;0;1;Clear;sky is clear;5577
10/31/2012 7:00;None;152;74;2;360;8;8;271,12;0;0;1;Clear;sky is clear;6908
10/31/2012 8:00;None;94;74;2;350;2;2;271,17;0;0;20;Clouds;few clouds;6079
10/31/2012 9:00;None;261;74;0;0;7;7;273,11;0;0;20;Clouds;few clouds;5309
10/31/2012 10:00;None;241;74;0;0;9;9;276,01;0;0;20;Clouds;few clouds;4567
10/31/2012 11:00;None;139;79;0;0;9;9;278,27;0;0;20;Clouds;few clouds;4804
10/31/2012 12:00;None;294;79;1;350;9;9;279,84;0;0;20;Clouds;few clouds;5041
10/31/2012 13:00;None;38;80;1;10;2;2;280,68;0;0;40;Clouds;scattered clouds;5051
10/31/2012 14:00;None;237;80;3;50;4;4;281,22;0;0;20;Clouds;few clouds;5274
10/31/2012 15:00;None;16;69;2;80;4;4;281,8;0;0;20;Clouds;few clouds;5936
10/31/2012 16:00;None;39;64;0;0;7;7;282,2;0;0;40;Clouds;scattered clouds;6128
10/31/2012 17:00;None;224;59;0;0;7;7;281,48;0;0;20;Clouds;few clouds;5821
10/31/2012 18:00;None;124;69;0;0;9;9;280;0;0;20;Clouds;few clouds;4040
10/31/2012 19:00;None;224;69;0;0;2;2;278,48;0;0;20;Clouds;few clouds;2711
10/31/2012 20:00;None;173;69;2;40;3;3;276,86;0;0;20;Clouds;few clouds;2690
10/31/2012 21:00;None;179;69;0;0;3;3;275,45;0;0;1;Clear;sky is clear;2539
10/31/2012 22:00;None;230;55;2;320;9;9;274,05;0;0;1;Clear;sky is clear;1925
10/31/2012 23:00;None;269;55;2;0;6;6;272,75;0;0;1;Clear;sky is clear;1471
